{
  "Premier Lig": {
    "Arsenal": "https://www.sofascore.com/tr/football/team/arsenal/42",
    "Man City": "https://www.sofascore.com/tr/football/team/manchester-city/17",
    "Aston Villa": "https://www.sofascore.com/tr/football/team/aston-villa/40",
    "Liverpool": "https://www.sofascore.com/tr/football/team/liverpool/44",
    "Chelsea": "https://www.sofascore.com/tr/football/team/chelsea/38",
    "Man Utd": "https://www.sofascore.com/tr/football/team/manchester-united/35",
    "Brentford": "https://www.sofascore.com/tr/football/team/brentford/50",
    "Sunderland": "https://www.sofascore.com/tr/football/team/sunderland/41",
    "Newcastle": "https://www.sofascore.com/tr/football/team/newcastle-united/39",
    "Brighton": "https://www.sofascore.com/tr/football/team/brighton-and-hove-albion/30",
    "Fulham": "https://www.sofascore.com/tr/football/team/fulham/43",
    "Everton": "https://www.sofascore.com/tr/football/team/everton/48",
    "Tottenham": "https://www.sofascore.com/tr/football/team/tottenham-hotspur/33",
    "Crystal Palace": "https://www.sofascore.com/tr/football/team/crystal-palace/7",
    "Bournemouth": "https://www.sofascore.com/tr/football/team/bournemouth/60",
    "Leeds": "https://www.sofascore.com/tr/football/team/leeds-united/34",
    "Forest": "https://www.sofascore.com/tr/football/team/nottingham-forest/14",
    "West Ham": "https://www.sofascore.com/tr/football/team/west-ham-united/37",
    "Burnley": "https://www.sofascore.com/tr/football/team/burnley/6",
    "Wolves": "https://www.sofascore.com/tr/football/team/wolverhampton/3"
  },
  "Serie A": {
    "Inter": "https://www.sofascore.com/tr/football/team/inter/2697",
    "Milan": "https://www.sofascore.com/tr/football/team/milan/2692",
    "Napoli": "https://www.sofascore.com/tr/football/team/napoli/2714",
    "Juventus": "https://www.sofascore.com/tr/football/team/juventus/2687",
    "Roma": "https://www.sofascore.com/tr/football/team/roma/2702",
    "Como": "https://www.sofascore.com/tr/football/team/como/2704",
    "Bologna": "https://www.sofascore.com/tr/football/team/bologna/2685",
    "Atalanta": "https://www.sofascore.com/tr/football/team/atalanta/2686",
    "Lazio": "https://www.sofascore.com/tr/football/team/lazio/2699",
    "Sassuolo": "https://www.sofascore.com/tr/football/team/sassuolo/2793",
    "Torino": "https://www.sofascore.com/tr/football/team/torino/2696",
    "Udinese": "https://www.sofascore.com/tr/football/team/udinese/2695",
    "Cremonese": "https://www.sofascore.com/tr/football/team/cremonese/2761",
    "Cagliari": "https://www.sofascore.com/tr/football/team/cagliari/2719",
    "Parma": "https://www.sofascore.com/tr/football/team/parma/2690",
    "Lecce": "https://www.sofascore.com/tr/football/team/lecce/2689",
    "Genoa": "https://www.sofascore.com/tr/football/team/genoa/2713",
    "Fiorentina": "https://www.sofascore.com/tr/football/team/fiorentina/2693",
    "Pisa": "https://www.sofascore.com/tr/football/team/pisa/2737",
    "Verona": "https://www.sofascore.com/tr/football/team/hellas-verona/2701"
  },
  "LaLiga": {
    "Barcelona": "https://www.sofascore.com/tr/football/team/barcelona/2817",
    "Real Madrid": "https://www.sofascore.com/tr/football/team/real-madrid/2829",
    "Villarreal": "https://www.sofascore.com/tr/football/team/villarreal/2819",
    "Atl. Madrid": "https://www.sofascore.com/tr/football/team/atletico-madrid/2836",
    "Espanyol": "https://www.sofascore.com/tr/football/team/espanyol/2814",
    "Real Betis": "https://www.sofascore.com/tr/football/team/real-betis/2816",
    "Celta": "https://www.sofascore.com/tr/football/team/celta-vigo/2821",
    "Athletic Club": "https://www.sofascore.com/tr/football/team/athletic-club/2825",
    "Elche": "https://www.sofascore.com/tr/football/team/elche/2846",
    "Getafe": "https://www.sofascore.com/tr/football/team/getafe/2859",
    "Sevilla": "https://www.sofascore.com/tr/football/team/sevilla/2833",
    "Osasuna": "https://www.sofascore.com/tr/football/team/osasuna/2820",
    "Alavés": "https://www.sofascore.com/tr/football/team/deportivo-alaves/2885",
    "Rayo Vallecano": "https://www.sofascore.com/tr/football/team/rayo-vallecano/2818",
    "Real Sociedad": "https://www.sofascore.com/tr/football/team/real-sociedad/2824",
    "Mallorca": "https://www.sofascore.com/tr/football/team/mallorca/2826",
    "Girona": "https://www.sofascore.com/tr/football/team/girona-fc/24264",
    "Valencia": "https://www.sofascore.com/tr/football/team/valencia/2828",
    "Levante": "https://www.sofascore.com/tr/football/team/levante-ud/2849",
    "Real Oviedo": "https://www.sofascore.com/tr/football/team/real-oviedo/2851"
  },
  "Ligue1": {
    "Lens": "https://www.sofascore.com/tr/football/team/rc-lens/1648",
    "PSG": "https://www.sofascore.com/tr/football/team/paris-saint-germain/1644",
    "Marseille": "https://www.sofascore.com/tr/football/team/olympique-de-marseille/1641",
    "Lille": "https://www.sofascore.com/tr/football/team/lille/1643",
    "Lyon": "https://www.sofascore.com/tr/football/team/olympique-lyonnais/1649",
    "Rennes": "https://www.sofascore.com/tr/football/team/stade-rennais/1658",
    "Strasbourg": "https://www.sofascore.com/tr/football/team/rc-strasbourg/1659",
    "Toulouse": "https://www.sofascore.com/tr/football/team/toulouse/1681",
    "AS Monaco": "https://www.sofascore.com/tr/football/team/as-monaco/1653",
    "Angers": "https://www.sofascore.com/tr/football/team/angers/1684",
    "Brest": "https://www.sofascore.com/tr/football/team/stade-brestois/1715",
    "Lorient": "https://www.sofascore.com/tr/football/team/lorient/1656",
    "Le Havre": "https://www.sofascore.com/tr/football/team/le-havre/1662",
    "Nice": "https://www.sofascore.com/tr/football/team/nice/1661",
    "Paris": "https://www.sofascore.com/tr/football/team/paris-fc/6070",
    "Nantes": "https://www.sofascore.com/tr/football/team/nantes/1647",
    "Auxerre": "https://www.sofascore.com/tr/football/team/auxerre/1646",
    "Metz": "https://www.sofascore.com/tr/football/team/metz/1651"
  },
  "Türkiye Süper Lig": {
    "Galatasaray": "https://www.sofascore.com/tr/football/team/galatasaray/3061",
    "Fenerbahçe": "https://www.sofascore.com/tr/football/team/fenerbahce/3052",
    "Trabzonspor": "https://www.sofascore.com/tr/football/team/trabzonspor/3051",
    "Göztepe": "https://www.sofascore.com/tr/football/team/goztepe/3054",
    "Beşiktaş": "https://www.sofascore.com/tr/football/team/besiktas/3050",
    "Samsunspor": "https://www.sofascore.com/tr/football/team/yilport-samsunspor/3053",
    "Başakşehir": "https://www.sofascore.com/tr/football/team/basaksehir-fk/3086",
    "Kocaelispor": "https://www.sofascore.com/tr/football/team/kocaelispor/3065",
    "Gaziantep": "https://www.sofascore.com/tr/football/team/gaziantep-fk/5138",
    "Alanyaspor": "https://www.sofascore.com/tr/football/team/alanyaspor/6362",
    "Gençlerbirliği": "https://www.sofascore.com/tr/football/team/genclerbirligi/7802",
    "Rizespor": "https://www.sofascore.com/tr/football/team/caykur-rizespor/3064",
    "Konyaspor": "https://www.sofascore.com/tr/football/team/konyaspor/3085",
    "Kasımpaşa": "https://www.sofascore.com/tr/football/team/kasimpasa/6063",
    "Antalyaspor": "https://www.sofascore.com/tr/football/team/antalyaspor/3056",
    "Kayserispor": "https://www.sofascore.com/tr/football/team/kayserispor/3072",
    "Eyüpspor": "https://www.sofascore.com/tr/football/team/eyupspor/7040",
    "Karagümrük": "https://www.sofascore.com/tr/football/team/fatih-karagumruk/4954"
  },
  "Türkiye 1.Lig": {
    "Amed": "https://www.sofascore.com/tr/football/team/amed-sportif-faaliyetler/207011",
    "Pendikspor": "https://www.sofascore.com/tr/football/team/pendikspor/7032",
    "Erokspor": "https://www.sofascore.com/tr/football/team/esenler-erokspor/262480",
    "Erzurumspor": "https://www.sofascore.com/tr/football/team/erzurumspor-fk/55603",
    "Bodrum": "https://www.sofascore.com/tr/football/team/bodrum/202390",
    "Çorum": "https://www.sofascore.com/tr/football/team/corum-fk/77629",
    "Iğdır": "https://www.sofascore.com/tr/football/team/igdir-fk/388264",
    "Boluspor": "https://www.sofascore.com/tr/football/team/boluspor/6414",
    "Vanspor": "https://www.sofascore.com/tr/football/team/van-spor-futbol-kulubu/24750",
    "Keçiörengücü": "https://www.sofascore.com/tr/football/team/keciorengucu/6366",
    "Bandırmaspor": "https://www.sofascore.com/tr/football/team/bandirmaspor/44320",
    "Serikspor A.Ş.": "https://www.sofascore.com/tr/football/team/serik-belediyespor/297102",
    "Sivasspor": "https://www.sofascore.com/tr/football/team/sivasspor/3076",
    "İstanbulspor": "https://www.sofascore.com/tr/football/team/istanbulspor/3066",
    "Manisa": "https://www.sofascore.com/tr/football/team/manisa-fk/202391",
    "Sakaryaspor": "https://www.sofascore.com/tr/football/team/sakaryaspor/3080",
    "Sarıyer": "https://www.sofascore.com/tr/football/team/sariyer/4952",
    "Ümraniyespor": "https://www.sofascore.com/tr/football/team/umraniyespor/55625",
    "Hatayspor": "https://www.sofascore.com/tr/football/team/hatayspor/3091",
    "Adana DS": "https://www.sofascore.com/tr/football/team/adana-demirspor/3101"
  },
  "Bundesliga": {
    "Bayern": "https://www.sofascore.com/tr/football/team/fc-bayern-munchen/2672",
    "Dortmund": "https://www.sofascore.com/tr/football/team/borussia-dortmund/2673",
    "Leverkusen": "https://www.sofascore.com/tr/football/team/bayer-04-leverkusen/2681",
    "Leipzig": "https://www.sofascore.com/tr/football/team/rb-leipzig/36360",
    "Hoffenheim": "https://www.sofascore.com/tr/football/team/tsg-hoffenheim/2569",
    "Stuttgart": "https://www.sofascore.com/tr/football/team/vfb-stuttgart/2677",
    "Frankfurt": "https://www.sofascore.com/tr/football/team/eintracht-frankfurt/2674",
    "Union Berlin": "https://www.sofascore.com/tr/football/team/1-fc-union-berlin/2547",
    "Freiburg": "https://www.sofascore.com/tr/football/team/sc-freiburg/2538",
    "Bremen": "https://www.sofascore.com/tr/football/team/sv-werder-bremen/2534",
    "Köln": "https://www.sofascore.com/tr/football/team/1-fc-koln/2671",
    "M'gladbach": "https://www.sofascore.com/tr/football/team/borussia-mgladbach/2527",
    "HSV": "https://www.sofascore.com/tr/football/team/hamburger-sv/2676",
    "Wolfsburg": "https://www.sofascore.com/tr/football/team/vfl-wolfsburg/2524",
    "Augsburg": "https://www.sofascore.com/tr/football/team/fc-augsburg/2600",
    "St. Pauli": "https://www.sofascore.com/tr/football/team/fc-st-pauli/2526",
    "Heidenheim": "https://www.sofascore.com/tr/football/team/1-fc-heidenheim/5885",
    "Mainz 05": "https://www.sofascore.com/tr/football/team/1-fsv-mainz-05/2556"
  },
  "Hollanda Eredivisie": {
    "PSV": "https://www.sofascore.com/tr/football/team/psv-eindhoven/2952",
    "Feyenoord": "https://www.sofascore.com/tr/football/team/feyenoord/2959",
    "Ajax": "https://www.sofascore.com/tr/football/team/ajax/2953",
    "NEC": "https://www.sofascore.com/tr/football/team/nec-nijmegen/2962",
    "Groningen": "https://www.sofascore.com/tr/football/team/fc-groningen/2951",
    "Twente": "https://www.sofascore.com/tr/football/team/fc-twente/2955",
    "AZ": "https://www.sofascore.com/tr/football/team/az-alkmaar/2950",
    "Utrecht": "https://www.sofascore.com/tr/football/team/fc-utrecht/2948",
    "Heerenveen": "https://www.sofascore.com/tr/football/team/sc-heerenveen/2964",
    "Sparta": "https://www.sofascore.com/tr/football/team/sparta-rotterdam/2960",
    "Fortuna": "https://www.sofascore.com/tr/football/team/fortuna-sittard/2957",
    "Excelsior": "https://www.sofascore.com/tr/football/team/excelsior/2967",
    "GA Eagles": "https://www.sofascore.com/tr/football/team/go-ahead-eagles/2979",
    "Zwolle": "https://www.sofascore.com/tr/football/team/pec-zwolle/2971",
    "Telstar": "https://www.sofascore.com/tr/football/team/sc-telstar/2972",
    "Volendam": "https://www.sofascore.com/tr/football/team/fc-volendam/2968",
    "Heracles": "https://www.sofascore.com/tr/football/team/heracles-almelo/2977",
    "NAC Breda": "https://www.sofascore.com/tr/football/team/nac-breda/2947"
  },
  "Saudi Pro League": {
    "Al-Hilal": "https://www.sofascore.com/tr/football/team/al-hilal/21895",
    "Al-Nassr": "https://www.sofascore.com/tr/football/team/al-nassr/23400",
    "Al-Taawoun": "https://www.sofascore.com/tr/football/team/al-taawoun/56021",
    "Al-Ahli": "https://www.sofascore.com/tr/football/team/al-ahli/34469",
    "Al-Qadsiah": "https://www.sofascore.com/tr/football/team/al-qadisiyah/56027",
    "Al-Ittihad": "https://www.sofascore.com/tr/football/team/al-ittihad/34315",
    "Neom SC": "https://www.sofascore.com/tr/football/team/neom-sc/530631",
    "Al-Ettifaq": "https://www.sofascore.com/tr/football/team/al-ettifaq/34318",
    "Al-Khaleej": "https://www.sofascore.com/tr/football/team/al-khaleej/167228",
    "Al-Fateh": "https://www.sofascore.com/tr/football/team/al-fateh/56023",
    "Al-Hazem": "https://www.sofascore.com/tr/football/team/al-hazem/168086",
    "Al-Kholood": "https://www.sofascore.com/tr/football/team/al-kholood/269199",
    "Al-Fayha": "https://www.sofascore.com/tr/football/team/al-fayha/168094",
    "Damac": "https://www.sofascore.com/tr/football/team/damac-fc/204126",
    "Al-Shabab": "https://www.sofascore.com/tr/football/team/al-shabab/34313",
    "Al-Riyadh": "https://www.sofascore.com/tr/football/team/al-riyadh/168088",
    "Al-Okhdood": "https://www.sofascore.com/tr/football/team/al-okhdood/336456",
    "Al-Najma": "https://www.sofascore.com/tr/football/team/al-najma/395831"
  },
  "İskoçya Premiership": {
    "Hearts": "https://www.sofascore.com/tr/football/team/heart-of-midlothian/2353",
    "Celtic": "https://www.sofascore.com/tr/football/team/celtic/2352",
    "Rangers": "https://www.sofascore.com/tr/football/team/rangers/2351",
    "Motherwell": "https://www.sofascore.com/tr/football/team/motherwell/2346",
    "Hibernian": "https://www.sofascore.com/tr/football/team/hibernian/2354",
    "Falkirk": "https://www.sofascore.com/tr/football/team/falkirk-fc/2363",
    "Dundee Utd": "https://www.sofascore.com/tr/football/team/dundee-united/2349",
    "Aberdeen": "https://www.sofascore.com/tr/football/team/aberdeen/2355",
    "Dundee": "https://www.sofascore.com/tr/football/team/dundee-fc/2357",
    "St Mirren": "https://www.sofascore.com/tr/football/team/st-mirren/2359",
    "Kilmarnock": "https://www.sofascore.com/tr/football/team/kilmarnock/2347",
    "Livingston": "https://www.sofascore.com/tr/football/team/livingston/2356"
  },
  "LaLiga 2": {
    "R. Racing Club": "https://www.sofascore.com/tr/football/team/racing-de-santander/2835",
    "Las Palmas": "https://www.sofascore.com/tr/football/team/las-palmas/6577",
    "Almería": "https://www.sofascore.com/tr/football/team/almeria/2858",
    "Castellón": "https://www.sofascore.com/tr/football/team/cd-castellon/5067",
    "Deportivo": "https://www.sofascore.com/tr/football/team/deportivo-la-coruna/2832",
    "Ceuta": "https://www.sofascore.com/tr/football/team/ad-ceuta/2869",
    "Cádiz": "https://www.sofascore.com/tr/football/team/cadiz/4488",
    "Sporting": "https://www.sofascore.com/tr/football/team/sporting-gijon/2852",
    "Málaga": "https://www.sofascore.com/tr/football/team/malaga/2830",
    "Burgos": "https://www.sofascore.com/tr/football/team/burgos-club-de-futbol/2854",
    "Córdoba": "https://www.sofascore.com/tr/football/team/cordoba/2850",
    "Real Valladolid": "https://www.sofascore.com/tr/football/team/real-valladolid/2831",
    "Eibar": "https://www.sofascore.com/tr/football/team/eibar/2839",
    "FC Andorra": "https://www.sofascore.com/tr/football/team/fc-andorra/324871",
    "Cultural Leonesa": "https://www.sofascore.com/tr/football/team/cultural-leonesa/2868",
    "Leganés": "https://www.sofascore.com/tr/football/team/leganes/2845",
    "Albacete": "https://www.sofascore.com/tr/football/team/albacete-balompie/2848",
    "Huesca": "https://www.sofascore.com/tr/football/team/huesca/24265",
    "Real Sociedad B U21": "https://www.sofascore.com/tr/football/team/real-sociedad-b/24360",
    "Granada": "https://www.sofascore.com/tr/football/team/granada/33779",
    "Real Zaragoza": "https://www.sofascore.com/tr/football/team/real-zaragoza/2815",
    "Mirandés": "https://www.sofascore.com/tr/football/team/mirandes/35092"
  },
  "Serie B": {
    "Frosinone": "https://www.sofascore.com/tr/football/team/frosinone/2801",
    "Monza": "https://www.sofascore.com/tr/football/team/monza/2729",
    "Venezia": "https://www.sofascore.com/tr/football/team/venezia/2688",
    "Palermo": "https://www.sofascore.com/tr/football/team/palermo/2715",
    "Catanzaro": "https://www.sofascore.com/tr/football/team/catanzaro/2796",
    "Cesena": "https://www.sofascore.com/tr/football/team/cesena/2742",
    "Modena": "https://www.sofascore.com/tr/football/team/modena/2706",
    "Juve Stabia": "https://www.sofascore.com/tr/football/team/juve-stabia/5324",
    "Empoli": "https://www.sofascore.com/tr/football/team/empoli/2705",
    "Padova": "https://www.sofascore.com/tr/football/team/padova/2741",
    "Avellino": "https://www.sofascore.com/tr/football/team/avellino/2730",
    "Reggiana": "https://www.sofascore.com/tr/football/team/reggiana/24516",
    "Carrarese": "https://www.sofascore.com/tr/football/team/carrarese/2745",
    "Spezia": "https://www.sofascore.com/tr/football/team/spezia/2735",
    "Bari": "https://www.sofascore.com/tr/football/team/bari/2712",
    "Sampdoria": "https://www.sofascore.com/tr/football/team/sampdoria/2711",
    "Südtirol": "https://www.sofascore.com/tr/football/team/sudtirol/2760",
    "Entella": "https://www.sofascore.com/tr/football/team/virtus-entella/43680",
    "Mantova": "https://www.sofascore.com/tr/football/team/mantova/2770",
    "Pescara": "https://www.sofascore.com/tr/football/team/pescara/7935"
  },
  "Liga Portugal": {
    "Porto": "https://www.sofascore.com/tr/football/team/fc-porto/3002",
    "Sporting": "https://www.sofascore.com/tr/football/team/sporting/3001",
    "Benfica": "https://www.sofascore.com/tr/football/team/benfica/3006",
    "Gil Vicente": "https://www.sofascore.com/tr/football/team/gil-vicente/3010",
    "Braga": "https://www.sofascore.com/tr/football/team/sporting-braga/2999",
    "Vitória": "https://www.sofascore.com/tr/football/team/vitoria-sc/3009",
    "Moreirense": "https://www.sofascore.com/tr/football/team/moreirense/3014",
    "Famalicão": "https://www.sofascore.com/tr/football/team/famalicao/49531",
    "Estoril": "https://www.sofascore.com/tr/football/team/estoril-praia/4500",
    "Rio Ave": "https://www.sofascore.com/tr/football/team/rio-ave/3036",
    "Alverca": "https://www.sofascore.com/tr/football/team/fc-alverca/190328",
    "Estrela Amadora": "https://www.sofascore.com/tr/football/team/cf-estrela-amadora/3035",
    "Nacional": "https://www.sofascore.com/tr/football/team/cd-nacional/3013",
    "Santa Clara": "https://www.sofascore.com/tr/football/team/santa-clara/3011",
    "Casa Pia": "https://www.sofascore.com/tr/football/team/casa-pia/36365",
    "Arouca": "https://www.sofascore.com/tr/football/team/arouca/25777",
    "Tondela": "https://www.sofascore.com/tr/football/team/tondela/38396",
    "AVS": "https://www.sofascore.com/tr/football/team/avs-futebol-sad/483088"
  },
  "Belçika Pro League": {
    "USG": "https://www.sofascore.com/tr/football/team/royale-union-saint-gilloise/4860",
    "Club Brugge": "https://www.sofascore.com/tr/football/team/club-brugge-kv/2888",
    "St. Truidense": "https://www.sofascore.com/tr/football/team/sint-truidense-vv/2895",
    "Anderlecht": "https://www.sofascore.com/tr/football/team/anderlecht/2900",
    "Mechelen": "https://www.sofascore.com/tr/football/team/kv-mechelen/5044",
    "Standard Liège": "https://www.sofascore.com/tr/football/team/standard-liege/2901",
    "Royal Antwerp": "https://www.sofascore.com/tr/football/team/royal-antwerp-fc/2889",
    "Gent": "https://www.sofascore.com/tr/football/team/kaa-gent/2903",
    "Genk": "https://www.sofascore.com/tr/football/team/krc-genk/2890",
    "Westerlo": "https://www.sofascore.com/tr/football/team/kvc-westerlo/2893",
    "Charleroi": "https://www.sofascore.com/tr/football/team/rc-sporting-charleroi/2898",
    "Zulte Waregem": "https://www.sofascore.com/tr/football/team/sv-zulte-waregem/2933",
    "OH Leuven": "https://www.sofascore.com/tr/football/team/oud-heverlee-leuven/2918",
    "La Louvière": "https://www.sofascore.com/tr/football/team/raal-la-louviere/368506",
    "Cercle Brugge": "https://www.sofascore.com/tr/football/team/cercle-brugge/2929",
    "Dender": "https://www.sofascore.com/tr/football/team/fcv-dender-eh/389232"
  },
  "2. Bundesliga": {
    "Schalke": "https://www.sofascore.com/tr/football/team/fc-schalke-04/2530",
    "Elversberg": "https://www.sofascore.com/tr/football/team/sv-07-elversberg/2598",
    "Darmstadt": "https://www.sofascore.com/tr/football/team/darmstadt-98/2576",
    "Paderborn": "https://www.sofascore.com/tr/football/team/sc-paderborn-07/2561",
    "Hannover": "https://www.sofascore.com/tr/football/team/hannover-96/2541",
    "Hertha": "https://www.sofascore.com/tr/football/team/hertha-bsc/2528",
    "Kaiserslautern": "https://www.sofascore.com/tr/football/team/1-fc-kaiserslautern/2675",
    "Nürnberg": "https://www.sofascore.com/tr/football/team/1-fc-nurnberg/2523",
    "Karlsruhe": "https://www.sofascore.com/tr/football/team/karlsruher-sc/2553",
    "Bochum": "https://www.sofascore.com/tr/football/team/vfl-bochum-1848/2542",
    "Kiel": "https://www.sofascore.com/tr/football/team/holstein-kiel/2573",
    "Münster": "https://www.sofascore.com/tr/football/team/preussen-munster/2590",
    "Braunschweig": "https://www.sofascore.com/tr/football/team/eintracht-braunschweig/2557",
    "Bielefeld": "https://www.sofascore.com/tr/football/team/arminia-bielefeld/2540",
    "Magdeburg": "https://www.sofascore.com/tr/football/team/1-fc-magdeburg/2591",
    "Fortuna": "https://www.sofascore.com/tr/football/team/fortuna-dusseldorf/2588",
    "Fürth": "https://www.sofascore.com/tr/football/team/spvgg-greuther-furth/2551",
    "Dresden": "https://www.sofascore.com/tr/football/team/sg-dynamo-dresden/2595"
  },
  "Yunanistan Super League": {
    "AEK": "https://www.sofascore.com/tr/football/team/aek-athens/3250",
    "Olympiacos": "https://www.sofascore.com/tr/football/team/olympiacos-fc/3245",
    "PAOK": "https://www.sofascore.com/tr/football/team/paok/3251",
    "Levadiakos": "https://www.sofascore.com/tr/football/team/levadiakos/5063",
    "Volos": "https://www.sofascore.com/tr/football/team/volos-nfc/267459",
    "Panathinaikos": "https://www.sofascore.com/tr/football/team/panathinaikos/3248",
    "Aris": "https://www.sofascore.com/tr/football/team/aris-thessaloniki/3252",
    "Kifisia": "https://www.sofascore.com/tr/football/team/ae-kifisia-fc/120224",
    "Panetolikos": "https://www.sofascore.com/tr/football/team/panetolikos/7004",
    "Asteras": "https://www.sofascore.com/tr/football/team/asteras-tripolis/6342",
    "Atromitos": "https://www.sofascore.com/tr/football/team/atromitos-athens/5062",
    "OFI": "https://www.sofascore.com/tr/football/team/ofi-crete/3241",
    "AEL": "https://www.sofascore.com/tr/football/team/ae-larisa/3265",
    "Panserraikos": "https://www.sofascore.com/tr/football/team/panserraikos/6347"
  },
  "Romanya SuperLiga": {
    "U. Craiova": "https://www.sofascore.com/tr/football/team/cs-universitatea-craiova/116223",
    "Rapid București": "https://www.sofascore.com/tr/football/team/fc-rapid-bucuresti/295403",
    "FC Botoșani": "https://www.sofascore.com/tr/football/team/fc-botosani/24798",
    "Dinamo București": "https://www.sofascore.com/tr/football/team/fc-dinamo-bucuresti/3292",
    "Argeș Pitești": "https://www.sofascore.com/tr/football/team/fc-arges/116221",
    "Oțelul Galați": "https://www.sofascore.com/tr/football/team/sc-otelul-galati/3291",
    "U. Cluj": "https://www.sofascore.com/tr/football/team/fc-universitatea-cluj/7734",
    "UTA Arad": "https://www.sofascore.com/tr/football/team/uta-arad/204657",
    "FCSB": "https://www.sofascore.com/tr/football/team/fcsb/3301",
    "Farul Constanța": "https://www.sofascore.com/tr/football/team/fcv-farul-constanta/3294",
    "CFR Cluj": "https://www.sofascore.com/tr/football/team/cfr-1907-cluj/5287",
    "Unirea Slobozia": "https://www.sofascore.com/tr/football/team/afc-unirea-04-slobozia/44259",
    "Petrolul Ploiești": "https://www.sofascore.com/tr/football/team/fc-petrolul-ploiesti/25856",
    "FK Csíkszereda": "https://www.sofascore.com/tr/football/team/fk-csikszereda-miercurea-ciuc/283972",
    "Hermannstadt": "https://www.sofascore.com/tr/football/team/fc-hermannstadt/260356",
    "Metaloglobus": "https://www.sofascore.com/tr/football/team/fc-metaloglobus-bucuresti/79081"
  },
  "İsviçre Super League": {
    "Thun": "https://www.sofascore.com/tr/football/team/fc-thun/2454",
    "St. Gallen": "https://www.sofascore.com/tr/football/team/fc-st-gallen-1879/2442",
    "Lugano": "https://www.sofascore.com/tr/football/team/fc-lugano/2443",
    "Basel": "https://www.sofascore.com/tr/football/team/basel/2501",
    "Young Boys": "https://www.sofascore.com/tr/football/team/young-boys/2445",
    "Sion": "https://www.sofascore.com/tr/football/team/fc-sion/2452",
    "Zürich": "https://www.sofascore.com/tr/football/team/fc-zurich/2450",
    "Luzern": "https://www.sofascore.com/tr/football/team/fc-luzern/2453",
    "Lausanne": "https://www.sofascore.com/tr/football/team/fc-lausanne-sport/2446",
    "Servette": "https://www.sofascore.com/tr/football/team/servette-fc/2448",
    "Grasshoppers": "https://www.sofascore.com/tr/football/team/grasshopper-club-zurich/2449",
    "Winterthur": "https://www.sofascore.com/tr/football/team/fc-winterthur/2458"
  },
  "Jamaika Premier Lig": {
    "Montego Bay": "https://www.sofascore.com/tr/football/team/montego-bay-united/173724",
    "Racing United": "https://www.sofascore.com/tr/football/team/racing-united-fc/925387",
    "Portmore Utd": "https://www.sofascore.com/tr/football/team/portmore-united-fc/124528",
    "Mount Pleasant": "https://www.sofascore.com/tr/football/team/mount-pleasant-fa/298573",
    "Cavalier": "https://www.sofascore.com/tr/football/team/cavalier-fc/173720",
    "Tivoli Gardens": "https://www.sofascore.com/tr/football/team/tivoli-gardens/173734",
    "Chapelton Maroons": "https://www.sofascore.com/tr/football/team/chapelton-maroons-fc/455021",
    "Waterhouse": "https://www.sofascore.com/tr/football/team/waterhouse-fc/173736",
    "Molynes United": "https://www.sofascore.com/tr/football/team/molynes-united-fc/327921",
    "Dunbeholden": "https://www.sofascore.com/tr/football/team/dunbeholden-fc/298574",
    "Harbour View": "https://www.sofascore.com/tr/football/team/harbour-view-fc/22050",
    "Arnett Gardens": "https://www.sofascore.com/tr/football/team/arnett-gardens/173716",
    "Treasure Beach": "https://www.sofascore.com/tr/football/team/treasure-beach-fc/496048",
    "Spanish Town Police": "https://www.sofascore.com/tr/football/team/spanish-town-police-fc/1120666"
  },
  "Avustralya Ligi": {
    "Auckland FC": "https://www.sofascore.com/tr/football/team/auckland-fc/800224",
    "Sydney FC": "https://www.sofascore.com/tr/football/team/sydney-fc/5971",
    "Macarthur": "https://www.sofascore.com/tr/football/team/macarthur-fc/371682",
    "Brisbane Roar": "https://www.sofascore.com/tr/football/team/brisbane-roar/5968",
    "Melbourne Victory": "https://www.sofascore.com/tr/football/team/melbourne-victory/5970",
    "Newcastle Jets": "https://www.sofascore.com/tr/football/team/newcastle-jets/2934",
    "Adelaide United": "https://www.sofascore.com/tr/football/team/adelaide-united/2946",
    "Melbourne City": "https://www.sofascore.com/tr/football/team/melbourne-city/42210",
    "Wellington": "https://www.sofascore.com/tr/football/team/wellington-phoenix/7568",
    "Perth Glory": "https://www.sofascore.com/tr/football/team/perth-glory/2945",
    "Central Coast": "https://www.sofascore.com/tr/football/team/central-coast-mariners/5966",
    "Western Sydney": "https://www.sofascore.com/tr/football/team/western-sydney-wanderers/72926"
  }
}